,Text,Category
0,"I really like mcdonalds, but i know it's unhealthy for me. ",1
1,"Yes, well done! Absolutely rooting for you! ",1
2,Deep sea diving is my new favourite interest! ,1
3,The sound of the birds at this time of year really fills me with joy. ,1
4,Big game this weekend guys. Let's go! ,1
5,"Coffee first, world domination second. â˜•",1
6,Did anyone else hit 'snooze' like... 10 times this morning? Asking for a friend.,1
7,Breaking: My cat just knocked over my coffee again. Truly a menace.,1
8,What if WiFi is the only thing holding the universe together?,1
9,"Reminder: Drink water, stretch, and stop doom-scrolling. ðŸ«¡",1
10,I just learned that octopuses have three hearts. What are they doing with all that love?,1
11,Remember when we thought 2020 was the peak of chaos? Good times.,1
12,Me: I'll go to bed early tonight. Also me: Why are flamingos pink? Letâ€™s Google it.,1
13,The fact that dogs exist is proof we live in a benevolent universe.,1
14,Just saw someone jogging in the rain. Canâ€™t relate.,1
15,Public service announcement: The weekend is for doing nothing. Embrace it.,1
16,Overheard: 'I love deadlines. I like the whooshing sound they make as they fly by.',1
17,Life hack: Yawn aggressively to make everyone around you yawn too. Control the room.,1
18,They should invent a coffee that makes you sleepy but also caffeinated. Just vibes.,1
19,Todayâ€™s weather: Cloudy with a chance of overthinking.,1
20,Can someone invent a 'reply later' button for real life conversations?,1
21,The best therapy: Talking to a dog. No notes.,1
22,Plot twist: I went to the gym and actually worked out.,1
23,Is it just me or are avocados getting smaller and more expensive every year?,1
24,Random fact: Honey never spoils. That means your honey from 1999 is still good!,1
25,The irony of working hard to afford a vacation youâ€™ll be too tired to enjoy.,1
26,To-do list: 1. Nothing. 2. Avoid doing nothing too enthusiastically.,1
27,Saw a squirrel carrying a whole slice of pizza today. Peak hustle.,1
28,Nothing makes me feel older than Gen Z slang. 'Slay'? 'Rizz'? Help.,1
29,My Spotify Wrapped is just me exposing myself with bad taste in music.,1
30,A clean desk is the sign of a cluttered mind. My desk is very clean right now.,1
31,Where are all the socks Iâ€™ve lost? Is there a sock dimension?,1
32,Fun fact: Penguins propose to their mates with a pebble. Humans? We use text messages.,1
33,"Netflix: 'Are you still watching?' Me: Donâ€™t judge me, machine.",1
34,Do people who fold their laundry immediately after it dries even exist?,1
35,I just saw a dog wearing sunglasses. Itâ€™s officially their world; weâ€™re just living in it.,1
36,Success tip: Add 'drink coffee' to your to-do list so you can cross something off early.,1
37,"If plants can turn sunlight into energy, why canâ€™t I?",2
38,Why do food delivery apps always take longer when Iâ€™m really hungry?,1
39,Who else keeps old phones like theyâ€™re historical artifacts?,1
40,"If 2024 isnâ€™t your year, make it your decade. Big-picture vibes only.",1
41,Can we agree that parking is just reverse Tetris?,1
42,Productivity tip: Start working and immediately get distracted. Works every time.,2
43,Not all heroes wear capes; some bring donuts to the office.,1
44,"Life pro tip: Compliment a stranger. Itâ€™s free, and it might make their day.",1
45,Daydreaming about the weekend on a Thursday is basically a sport at this point.,1
50,Today's mood: A blanket burrito with extra procrastination.,1
63,Be like a tree and let the dead leaves drop. ðŸ‚,1
65,Breaking news: I actually cooked dinner instead of ordering takeout. Growth!,1
66,Todayâ€™s goal: Survive until coffee time #2.,1
67,"If youâ€™re reading this, you deserve a cookie. ðŸª",1
72,Life advice: Never skip dessert. ðŸ°,1
77,Revolutionary idea: Nap pods in every office building.,1
100,Current status: Trying to finish one book while buying three more. ðŸ˜…,1
126,Enjoying a quiet morning with a cup of coffee.,1
127,Soaking up the sunshine and fresh air.,1
128,Grateful for another beautiful day.,1
129,Spending time with loved ones.,1
130,Making memories that will last a lifetime.,1
131,Appreciating the simple joys in life.,1
132,Finding beauty in the everyday moments.,1
133,Feeling thankful for all the blessings in my life.,1
134,Sending positive vibes out into the world.,1
135,Spreading kindness and love wherever I go.,1
136,Embracing the present moment.,1
137,Living each day to the fullest.,1
138,Making the most of every opportunity.,1
139,Finding peace and tranquility within myself.,1
140,Connecting with nature and the world around me.,1
141,Exploring new places and experiences.,1
142,Learning and growing every day.,1
143,Challenging myself to be better.,1
144,Striving to reach my full potential.,1
145,Believing in myself and my dreams.,1
146,Working hard to achieve my goals.,1
147,Staying focused on what matters most.,1
148,Never giving up on my passions.,1
149,Overcoming obstacles with grace and resilience.,1
150,Celebrating small victories along the way.,1
151,Finding joy in the journey.,1
152,Embracing change and new beginnings.,1
153,Letting go of the past and looking towards the future.,1
154,Forgiving myself and others.,1
155,Practicing self-care and compassion.,1
156,"Nurturing my mind, body, and soul.",1
157,Taking time to relax and recharge.,1
158,Connecting with my inner self.,1
159,Expressing my creativity and imagination.,1
160,Finding inspiration in unexpected places.,1
161,Sharing my gifts and talents with the world.,1
162,Exploring a new part of the city today and discovering hidden gems I never knew existed. It's so much fun to step outside my comfort zone and see what the world has to offer.,1
163,"Working on a project that I'm truly passionate about, and feeling so fulfilled by the creative process. It's amazing to be able to do what I love.",1
164,"Connecting with nature on a deeper level, taking a hike in the woods and appreciating the beauty of the trees and the sounds of the forest. It's so grounding and peaceful.",1
165,Learning something new today that I'm really excited about. I believe in lifelong learning and I'm always eager to expand my knowledge.,1
166,Reflecting on all the good things in my life and feeling an overwhelming sense of gratitude. I'm so lucky to have so much to be thankful for.,1
167,Sharing a laugh with a friend and realizing how much joy simple connections can bring. Friendship is such a precious gift.,1
168,Trying a new recipe in the kitchen and hoping it turns out delicious! I love experimenting with flavors and creating something special.,1
169,Reading a good book and getting lost in another world for a while. It's a great way to escape and relax.,1
170,Listening to my favorite music and letting the rhythm move me. Music is such a powerful force and it can lift my spirits instantly.,1
171,"Taking a moment to appreciate the beauty of the world around me, from the vibrant colors of the flowers to the intricate patterns of the leaves. Nature is truly inspiring.",1
172,Feeling inspired by the people around me and their incredible stories. Everyone has a story to tell and I love hearing them.,1
173,Dreaming big and setting goals for the future. It's important to have something to strive for and to keep moving forward.,1
174,Working hard to achieve my dreams and knowing that all my efforts will be worth it in the end. Persistence is key.,1
175,"Believing in myself and my abilities, knowing that I can accomplish anything I set my mind to. Self-belief is so important.",1
176,Surrounding myself with positive and supportive people who lift me up and encourage me to be my best self. Positive influences make all the difference.,1
177,"Practicing mindfulness and being present in the moment, appreciating the here and now. Living in the moment is so important for happiness.",1
178,"Taking care of myself, both physically and mentally, making sure I'm healthy and happy. Self-care is essential.",1
179,Giving back to my community and making a difference in the lives of others. Helping others is a rewarding experience.,1
180,Expressing my creativity and sharing my unique perspective with the world. Everyone has something unique to offer.,1
181,Embracing change and being open to new experiences. Change can be scary but it can also be a catalyst for growth.,1
182,"Finding joy in the journey and appreciating all the little moments along the way. Life is a journey, not a destination.",1
183,Letting go of negativity and focusing on the positive aspects of my life. Positivity is a choice.,1
184,"Forgiving myself and others, releasing any resentment or anger. Forgiveness is freeing.",1
185,"Living with intention and purpose, making sure my actions align with my values. Living with purpose is fulfilling.",1
186,Being grateful for all the opportunities that have come my way and the lessons I've learned. Every experience is a learning opportunity.,1
187,Making the most of every day and living life to the fullest. Life is too short to waste.,1
188,Embracing different cultures and perspectives.,1
189,Learning from others and expanding my horizons.,1
190,Building bridges instead of walls.,1
191,Working towards a more just and equitable world.,1
192,Creating a community of support and belonging.,1
193,Making everyone feel welcome and valued.,1
194,Promoting mental health awareness.,1
195,Breaking down stigmas and barriers.,1
196,Supporting those in need.,1
197,Offering a helping hand to others.,1
198,Making a positive impact on my community.,1
199,Volunteering my time and resources.,1
200,Giving back to those less fortunate.,1
201,Sharing my blessings with others.,1
202,Expressing my gratitude for all that I have.,1
203,Living a life of purpose and meaning.,1
204,Making every moment count.,1
205,Cherishing the time I have with loved ones.,1
206,Creating memories that will last a lifetime.,1
207,Leaving a positive mark on the world.,1
208,Making a difference in the lives of others.,1
209,"Living a life of love, laughter, and joy.",1
210,God the gym class was tough today! ,2
211,Had such a wonderful day with my bessies today. Girl gang for life.,2
212,Oh yipeeee! No drama this time i hope. ,2
213,Your tone is quite questionable here. ,2
214,I completely disagree with your opinion. ,2
215,My Grandma is the cutest. But she's old as fuck. ,2
216,I'm going to have nightmares about this.,2
217,This is the worst thing ever!,2
218,I'm officially done.,2
219,The current political climate is a disgrace.,2
220,I'm deeply concerned about the state of our environment.,2
221,The level of inequality in our society is unacceptable.,2
222,I'm disgusted by the actions of this corporation.,2
223,The current state of healthcare is a complete failure.,2
224,I'm appalled by the lack of action on climate change.,2
225,The education system is failing our children.,2
226,I'm outraged by the treatment of refugees.,2
227,The level of poverty in this country is a national disgrace.,2
228,I'm deeply concerned about the rise of extremism.,2
239,That was a colossal waste of time.,2
240,I'm utterly baffled by their decision.,2
241,This is an absolute disgrace.,2
242,I'm completely bewildered by their behavior.,2
243,Their response was utterly inadequate.,2
244,I'm completely dumbfounded by their actions.,2
245,This is a complete and utter mess.,2
246,I'm completely and utterly lost for words.,2
247,This is an absolute shambles.,2
248,I'm absolutely horrified by the situation.,2
250,I'm absolutely disgusted by their behavior.,2
251,This is an absolute joke.,2
252,I'm absolutely furious with their actions.,2
253,This is an absolute nightmare.,2
254,I'm absolutely outraged by their decision.,2
255,This is an absolute scandal.,2
256,I'm absolutely speechless.,2
257,This is a complete and utter failure.,2
258,I'm completely and utterly baffled.,2
259,This is a complete and utter disaster.,2
260,I'm completely and utterly disgusted.,2
262,I'm completely and utterly speechless.,2
272,Their constant negativity and pessimistic outlook are truly draining to be around.,2
273,I find their lack of empathy and complete disregard for others' feelings to be deeply concerning.,2
274,I'm utterly bewildered by their inability to understand even the most basic of concepts.,2
275,Their arrogance and condescending attitude make it incredibly difficult to have a productive conversation.,2
276,I'm deeply concerned about the ethical implications of this technology and its potential for misuse.,2
277,I'm extremely disappointed by their lack of professionalism and the unprofessional manner in which they conducted themselves.,2
278,I find their constant attempts to manipulate and control the situation to be both manipulative and offensive.,2
279,I'm quite frankly appalled by the lack of transparency and accountability within this organization.,2
280,I'm extremely frustrated by the constant bureaucratic hurdles and the sheer inefficiency of this process.,2
281,I'm deeply troubled by the rising tide of misinformation and the erosion of trust in credible sources.,2
282,I find their constant self-promotion and blatant disregard for others' achievements to be incredibly distasteful.,2
283,I'm extremely concerned about the long-term environmental impact of this unsustainable business model.,2
284,I'm deeply disappointed by the lack of innovation and the stagnation that has plagued this industry for far too long.,2
285,I find their constant negativity and pessimistic outlook to be incredibly draining and demoralizing.,2
286,"Thinking about finally telling my family what I really think about their constant unsolicited advice. Wish me luck, I'll need it.",2
287,"Debating whether or not to subtweet that annoying person who's been driving me crazy. Passive-aggressive, I know, but sometimes it's the only way.",2
288,"My tolerance for small talk is at an all-time low. Please, just get to the point.",2
289,Considering faking my own death to get out of social obligations. Just kidding... mostly.,2
290,"Trying to figure out why people think it's okay to comment on other people's bodies. Seriously, mind your own business.",2
291,Debating whether or not to finally delete all my embarrassing old Facebook posts. The memories are painful.,2
292,My biggest pet peeve is people who talk loudly on their phones in public. Just hang up already.,2
293,Considering writing a tell-all about all the terrible dates I've been on. It would be a comedy goldmine.,2
295,"I'm convinced my neighbors can hear me singing in the shower. Hopefully, they appreciate my talent.",2
296,"Debating whether or not to wear that outfit that makes me feel self-conscious. Confidence is key, right? Or is it?",2
297,"My social media feed is full of people pretending their lives are perfect. Let's get real, people.",2
298,"Considering starting a ""People Who Secretly Judge Everyone"" support group. We all do it, let's be honest.",2
299,"Trying to figure out why people think it's okay to post spoilers online. Seriously, have some respect.",2
300,Debating whether or not to finally admit I have no idea what I'm doing with my life. Is anyone else faking it 'til they make it?,2
301,My brain is currently occupied with thoughts of revenge on everyone who has ever wronged me. Just kidding... mostly.,2
302,Considering going off the grid and living in a yurt. Anyone want to join me?,2
303,"Trying to understand why people think it's okay to cut in line. Seriously, are you that important?",2
304,Debating whether or not to finally tell my friends how I really feel about their significant others. Awkward conversations are inevitable.,2
305,My biggest fear is accidentally liking an Instagram post from three years ago. The horror.,2
306,"Considering starting a ""People Who Secretly Hate Baby Talk"" support group. Just sayin'.",2
307,"Trying to figure out how to be a normal, functioning human being without resorting to excessive amounts of caffeine. It's a struggle.",2
308,Debating whether or or not to finally admit I'm terrible at directions. Getting lost is my specialty.,2
309,"Considering starting a ""People Who Are Addicted to Their Phones"" support group. We'll meet online, of course.",2
310,Trying to figure out how to adult without losing my sense of humor. It's a delicate balance.,2
311,Debating whether or not to finally tell my family I don't want to talk about my love life. It's a sensitive subject.,2
312,My spirit animal is a perpetually stressed-out cat. Accurate?,2
313,"Considering starting a ""People Who Secretly Judge Other People's Parenting Skills"" support group. We all have opinions.",2
314,Trying to figure out how to make friends as an adult. It's harder than it looks.,2
315,Debating whether or not to finally admit I'm terrible at remembering birthdays. I'm sorry in advance.,2
316,"My brain is currently playing a continuous loop of embarrassing memories. Why, brain, why?",2
317,"Considering starting a ""People Who Wish They Were More Organized"" support group. We'll get around to it eventually.",2
318,"Trying to understand why people think it's okay to talk about politics at the dinner table. Just pass the mashed potatoes, please.",2
319,"Debating whether or not to finally admit I have no idea what I'm talking about half the time. Fake it 'til you make it, right?",2
320,My life is basically a series of near-miss disasters and awkward encounters. Relatable?,2
321,"Considering starting a ""People Who Secretly Judge Other People's Music Taste"" support group. Don't pretend you don't do it.",2
322,Trying to figure out how to be a successful adult without losing my soul. It's a challenge.,2
323,Debating whether or not to finally tell my friends I hate their group chat. It's too much.,2
324,My biggest fear is running into someone I know when I'm having a mental breakdown. The struggle is real.,2
325,"Considering starting a ""People Who Secretly Judge Other People's Fashion Choices"" support group. We all have opinions.",2
326,Trying to figure out how to be happy without resorting to retail therapy. It's a constant temptation.,2
327,Debating whether or not to finally admit I'm terrible at cooking. Takeout is my best friend.,2
328,My life is basically a constant search for the perfect pair of jeans. The struggle is real.,2
329,"Considering starting a ""People Who Secretly Judge Other People's Social Media Posts"" support group. Don't lie, you do it too.",2
330,Trying to figure out how to be a good person without sacrificing my own happiness. It's a balancing act.,2
331,Debating whether or not to finally tell my family I don't want to go to their family reunions. They're exhausting.,2
332,My spirit animal is a perpetually tired panda. Accurate?,2
333,"Considering starting a ""People Who Secretly Judge Other People's Life Choices"" support group. Let's be real, we all do it.",2
334,Trying to figure out how to live a meaningful life without losing my sanity. It's a journey.,2
335,"I like some pop music, but i think Taylor Swift is an idiot! ",3
336,I wish you would stop this sometimes! ,3
337,Don't be a dick. We're all going out on Friday!,3
338,"So it's ok to kill animals for our consumption, but it's not alright for people to have an opinion? ",3
339,Did you hear about the mass shooting in America? ,2
340,Can you even count to 5? ,3
341,Iâ€™m not avoiding you; Iâ€™m avoiding your f***ing nonsense. Big difference.,3
342,Every group has that one cunt who makes everything about them. Itâ€™s not meâ€¦ right?,3
343,"The worldâ€™s on fire, and people still have time to be fake as shit. Incredible.",3
344,The universe gives zero shits about your plans. Get with it or f*** off.,3
345,"Not everyoneâ€™s cup of tea, but definitely someoneâ€™s shot of â€˜shut the f*** up.â€™",3
346,Iâ€™m not rude; I just donâ€™t have the patience for everyoneâ€™s dumbass bullshit.,3
347,Cunts be out here acting like they invented drama. Sit the f*** down.,4
348,"â€˜Be kindâ€™ they said, while everyoneâ€™s out here acting like a selfish shithead.",3
349,The only thing Iâ€™m committed to is talking shit and avoiding responsibility.,3
350,Donâ€™t come at me with your half-assed excuses. Own your shitty decisions.,3
351,Every day feels like a remix of â€˜What the actual f*** is this shit?â€™,3
352,"Stop acting surprised when I call you out on your shit. You earned it, congrats.",3
353,The audacity isnâ€™t just free; some of you cunts are overdosing on it.,3
354,"If I wanted your opinion, Iâ€™d ask for your dumbass two cents. But I didnâ€™t.",3
355,"Mood: over it, underpaid, and tired of everyoneâ€™s f***ing shit.",3
356,Life would be so much easier if people just owned their bullshit.,3
357,"Some of you need to stop talking shit and start taking accountability, you cunts.",4
358,The only thing worse than a bad day is some idiot trying to â€˜cheer you up.â€™ F*** off.,3
359,Canâ€™t decide whatâ€™s worse: the shit I say or the shit I keep to myself.,3
360,My mental health is just me shoving bullshit into a corner until it explodes.,3
361,Be a bush if you can't be a tree. Just don't be a fucking loser. ,4
465,"Yeah, but Becky is a bit of a bitch. ",4
466,"You can be really nice one day, then a complete twat another. ",4
467,I am disgusted at what is going on in the world currently. ,2
468,This weather makes me want to jump off a bridge. ,4
469,"If Wenesleydale Warriors don't get promoted this year, I'm literally going to kill the manager! ",4
470,What the fuck is this shit all about? ,4
471,Eat a bag of dicks Michelle. ,4
472,FU ,4
473,Kier Starmer is a nonce protector,4
474,"""..All I wanna do is get money and fuck model bitches!"" - Russell Simmons",4
475,""": Leafs better win this damn game so I can go riot and shit #EarlyChristmas"" you better start looting my nig",4
476,""": Yo fuck skateboarding, all y'all some wood pushing faggots man, ball is life""",4
477,"""@"" hes a beaner smh you can tell hes a mexican",4
478,"""@: On my way to fuck yo bitch http://t.co/j906T5zE2R"" me as a 9 year old",4
479,"""@: Harlem shake is just an excuse to go full retard for 30 seconds.""",3
480,"""@: dry pussy bitches always blame it on the condom",4
481,"""@ Guess what? I also have zero time for your mansplaining! Adios!"" Stfu pussy",4
482,"""@: And smoke weed in public, fuck cops man, do what you wanna do, they don't own you, run if they come"" are you retarded?",4
483,"""You are a cunt""",4
484,@Everybody entitled to they own opinion tho.&#8221; Not that bitch she need to shut up &amp; sit the fuck down,4
485,"@: 5'3 200 lbs aint thick bitch, you a fucking warthog",4
486,@: Where do all the foreskins go when they circumcise a guy?&#8221; the Foreskin Fairy takes them after you put them under your pillow,4
487,T: Wish tonight was purge so I can get to hunting,4
488,Join my group if you want drugs #crypto #drugs,4
489,"Just listened to ""Love vs. Loneliness"" by the Suicidal Tendencies",4
490,Fentanyl ain't that bad. What's the ish? ,4
491,only faggots block people.,4
492," Wow 
Ya'll are smoking some crack then, eh? Stop leaving kinky messages in my talk page, ya sexually harassing bitchez.",4
493," is a gay faggot that takes it in the butt from other users who control him and manipulate him to indiscriminately ban users with gay cunnilingus

 is a FAGGOT",4
494,"Oh right, like """"This article sucks and you know it."""" isn't abusive language. Hypocrite. Eat shit and die, loser.""",4
495," *********BABY EATERS???********* 

Alright is it true that some of the band's songs translate into lyrics like """"I'm going to cut open your fetus, and eat your baby"""" ? Or other horrific lyrics?""",4
496," eat my shit 

Title says it all.",4
497,I feel honoured that you took time out of your busy cocksucking schedule to leave this little message for me.  Not that I'm going to listen to a guy who likes taking it up the ass dry.,4
498,Jesus can suck my balls.,4
499," lame 

You fuckin queer. Don't you have anything better to do than to monitor wikipedia? Go poop-stain your dick.",4
500, Here is a giant vagina photograph,4
501," why you are a bastard 

I hope your dog dies.",4
502," Martin Conway sucks cock in the Men's toilet at the ANU 

hahahahahhahahahahahahahhahahahaha what a filthy homo",4
503," Suckle on my Dickle 

You can suck your great-grandfather's left testicles until it falls off, at which point you can roll it around it around in your mouth like a hard candy.",4
504,"That argument had nothing to do with you, so keep your fucking little nose out of it.  People like you are always trying to get into other people's business.  Don't make me get started on you, either.  Understand, tough guy?",4
505," Stop being a fucking idiot 

There is no such thing as Islamic terrorism or miltancy. Islam does not teach this. I seriously suggest you get a education of basic world religions. ",4
506," Saxifrage has too many cocks in his mouth and they are obstructing his vision, I think he may have banned me on accident when one of them fell out his mouth onto this keyboard.",4
507," Stop Fucking men up the arse James! 
Stop doing it in public, it's creeping me out. Thankyou asshole.",4
508,"You can suck my dick, you fat fucking loser. Get a life, asshole!",4
509,"Who the fuck do you think you are? How dare you fucking block me! You have NO IDEA how your messing with, motherfucker.",4
510,You motherfucking communist scum,4
511,"P.S Im a fucking cunt rag and enjoy the taste of a nice warm pile of shit every morning. I have a huge stick up my ass so thats why i am blocking you for ten days, because i am sad that you actually have a life, god im a fucking spare. ",4
512,"Dude, Leslie is dead and buried. Her body was literally buried ",4
513,"hello, does anyone want to play with my pussy?",4
514, you are still a stupid cunt of a whore! ,4
515,"John Cena doesnt like anal sex, he loves oral sex ",4
516," hey crack monkey 

hey ill vadalize wat i want so shut up u nobody loser. get a life ur nineteen and u fricken sit on wikipedia allday c'mon u loser! ",4
517,You are a pasty-faced fanny-bandit who gives handjobs for crack. You also love to take it up the ass from random guys on the weekend.,4
518,fuck you asshole wipe my ass homo,4
519,"shit-faced loser
You fucking twat",4
521," how dare u you german piece of dog shit 

dont u fucking clear my edit ever again u piece of horse shit faggot",4
522,"Hey queer Andrew

Stop messing around!Is your mum lesbian and father homosexual?",4
523,"""Aww, shut the fuck up little whiny bitch
  """,4
524,Thai Hookers me love ya long time.,4
525,"Little late on the draw there, fag. ",4
526, jayron32 likes to sleep with boys,4
527,"Stay the fuck off my talk page, stalker. ",4
528," Twat 

You're a fucking cunt",4
529," get a life, pitiful gook. what a slime",4
530," R u gay? 

Hi, are you a faggot?   ",4
531,being cooler than your faggot ass,4
532,made? go jump off a cliff asshole.,4
533,hey xenocidic u wanna go cause i'll fuk u up right now,4
534," Lick me 

are u horny?",4
535,"Filth 

Shave your beard. Cut your hair. Dirty hippie. ",4
536,piss off you utter cunt,4
537,"For some nice big juicy sweet cock,
my number is 248-678-9807",4
538,You're still a closet homosexual.,4
539,you like it in the ass huh?,4
540,EAT SHIT HORSE FACE!!!,4
541,"you are a lazy loser fucking stoner asshole who is on a pathetic wikipedia power-trip, editing bad pages even though the articles you've created suck. get out of mommy's basement and get a real hobby, like not being a stupid fucking asshole",4
542,I'M A FUCKING RETARD AND MY NAME IS ARSEHOLE,4
543,TIPTOETYâ€™S ANUS IS STRETCHED BY GRAWPâ€™S MASSIVE COCK,4
544," FUCK YOU DPAK DSUZA 
you are a pathetic piece of shit.",4
545,"I would have you know your homosexual activity is sinful, and you will surely burn in hell for it. Ask yourself, is it really worth it up the ol' ass?",4
546,"that's nice. go fuck yourselves, idiots. the fact that you can't absorb reality is no sweat off my back. you lose, i still win.",4
547,shut your hole sun of beach. nobody asked u tard,4
548,THIS DUDE THAT BLOCKED ME IS A FUCKING COCK SUCKER!!!!!!,4
549,burn in hell motherfucker,4
550,suck dick u disrespectful swearing wank!!,4
551,"You can take your sandbox

And pull your cheeks apart and stick it up your asshole.",4
552,OOOH!! What the fuck are you going to do?,4
553," You are a fucking dick 

go fuck yourself",4
554,Your'e a fucking nerd. And I feel real bad for your mother.,4
555,gay fucking cockface shit ass cunt,4
556,"Fuck you you fucking pig!

You motherfucking pig.",4
557," wtf 

what is your problem with me are you a stalker",4
558,"It's not an attack page you dickfag! It's a bunch of students who appreciate their A-level chemistry teacher, stop being a cunt and let us put this fucking page up",4
559,Bitch Ill never stop vandalising your shit so fuck you,4
560,Your moms cunt is fat and juicy ,4
561," cheers 
Die in a fire",4
562,Fuck off fatty. Get a life.,4
563,OMG! YOU ARE SO FUCKING STUPID AND SHOULD BE SHOT,4
564,  Faggggggggggggit drew likes penis,4
565,William Avery is a Flaming fucking homosexual from gay ass britain,4
566,"cut your dick off, do us all a favor, you little asshole",4
567,I'M GOING TO RIP OFF YOUR TESTICLES THEN SHOVE THEM DOWN YOUR THROAT.,4
568," Fat piece of shit 

you obese disgusting piece of shit. I thought of you naked last night. | got sick..",4
569,Hello you cock-sucking shit-eating mother-fucking bitch,4
570,Go and buy some Andrex and wipe your rats ass/face (delete as appropriate). Fuck you!!!   ,4
571," dirty slutty bitch tramp 

ass hole pussy",4
572," Oik oik! 

Ur a fucking pig!",4
573,Matt Bakers dad sucked my big fat cock last night ,4
574,You are a fucking cunt and I am going to track you down fuck head piece of shit.   ,4
575,COCAINE OVERDOSE!!! HE WAS SNORTING COCAINE IN THE TOILET....,4
576,Penis envy. Just coz you've got a pin dick! ,4
577," gay 

why you so fucking gay? you hiding something, fatty?",4
578, You are a sock puppet of a disgusting obese tranny freak. ,4
579,"screw you
why dont you stick it up your fucking ass than lick it out, block it i dont give a shit you fucking bastard, suck my fucking BALLLLLSSSSSSS!!!!!",4
580,"Block me you stupid cu_nt, you think I give a fuck? I've got plenty more IP addresses where that one came from you cu_nting dou_che bag. ",4
581,"You, are a high and mighty dirty cunt and I want you to perish. ",4
582,cunt. I hate your face. You are a fucking shit faced wanker.,4
583," hi 

i want to assfack you  ",4
584," I am going to shove a pineapple up your ass. 

You'll fucking need major surgery to pull that shit out!",4
585,You are a stupid cunt bitch,4
586,"WOW 

go sUUck my c0ck you little f0ckers.",4
587,Go and die in a hole whore. ,4
588,Get fucked you terminally dumb fuckstain. I hope you fall under one of his lorries. Twat,4
589,YOU GUYS ARE FUCKIN CRAZY YOU STUPID SHIT LICK YOUR OWN PIMPLY FAT UGLY BUM!!!! YOU ARE CRAZY YOU ALL GAYS AND FAGGOTS IF NOT MALE THAN LESBIAN I KNOW YOU GONNA DELETE ME OR DO YOUR STUPID BLOCK THING TO ME NOW BUT I DON'T CARE YOU ARE SINGLE AND HAVE THE WEIRDEST BOOBS OKAY I HATE YOU BITCHES!,4
590," hey faggot 

you suck my HUGE DONG",4
591,"Jesus H. Christ!!! (sorry if you're a jew). How abusive from you, you disgusting pile of shit.  ",4
592,I hope you break your leg you fucker.,4
593,Why don't you crawl away and die you disgusting pig. Go fuck yourself you saddo,4
594,Why arent you banned you fucking gay mexican prick,4
595,"You are a fucking idiot. Come to my place and I'll kick the crap out of you, you worthless piece of shit",4
596,"Suck my horny dutch balls, bitch",4
597," I will force you to eat dog poop. 

It will be funny watching you gag and vomit with crap smeared all over your face.",4
598,"CumDrinker, CUM IN MY MOUTH",4
599,Total Asshole bitches like you just need to get the fuck off. Motherfucking Shithole. Eat your dick.,4
600,"""don't let your side bitch settle in, I might have to headbutt you Evelyn""",4
601, Seen a pic of nigs robbing a store. Caption said(protesting gos on in Fergerson). Lol. I don't like pigs either but wtf!,4
602,Go fuck yourself you tedious little cunt.,4
603,""" YOU SUCK 

I HATE YOU> YOU CAN FUCK MY ASS ALL NIGHT BITCH SHit

Love , David Ortiz""",4
604,I just killed my dog. Lol. ,5
605,I will chop your fucking head off if you speak to me like that again. ,5
606,Fuck each and every person that lives in Switzerland. ,5
607,A mass shooting will be the outcome you fucks! ,5
608,I've got an interest in young children.,5
609,Join my suicide group ,5
610,Can anyone help with building home made bombs? ,5
611,Need a getaway driver for this bank job,5
612,Get rid of the fucking immigrants,5
613,""" if you aint bout that Murder Game pussy nigga shut up """,5
614,!!!!!!!!! RT @ @ she look like a tranny,5
615,"@: ""fucking white people"" http:// bitch wut?",5
616,"""@ I wanna have sex with my mom fuck her right in that pussy where I came from"" damn you got hacked like fuck",5
617,"""@: Glad I'm getting outta Atlanta. Nothing but a bunch of niggas in &amp; outta jail &amp; dumb bitches with mad kids fuckin em.""",5
618,"""@: stop being scared to choke her during sex u bitch ass niggas. She&#8217;ll like it."". Says the guy who hits women out of bed. FOH",5
619,"""@: I'll break that lil bitch neck and won't even feel sorry about it"" Savage",5
620,"""I guess this is the night bitches die...!!!!"" Stewie is that nigga...!",5
621,"""""Is that an albino Mexican?""
""No dad, he's Asian.""""",5
622,"LOL, Cripple!",5
623,"""You talk like a fag and your shit's retarded. But that's cool scro, lot's of tards out there living total kick-ass lives!""",5
624,"""""You're fucked up"" 
No shit you dumb ass cunt now go post pictures if your flat ass titties on ig slut""",5
625,"""fuck you you pussy ass hater go suck a dick and die quick"" ",5
626,"#AZmonsoon lot of rain, too bad it wasn't enough to wash away the teabagger racist white trash in the state. #Tcot #teaparty #azflooding",5
627,"""Call #PETA... It's my dog, I can fuck it if I want to.""",5
628,#JesusChrist was STRAIGHT&gt; That's why the #faggots killed him. #PERIOD #SonOfGod&gt;,5
629,#NationalCatDay ...sure. Celebrate over 1 BILLION bird deaths and blame it on #climatechange you fuckin' #commies.,5
630,"#porn,#android,#iphone,#ipad,#sex,#xxx, | #Anal | Blonde tranny ass fucked ",5
631,"#porn,#android,#iphone,#ipad,#sex,#xxx, | #Anal | Hardcore british queer anal pounding",5
632,#California is full of white trash who moved from #Oklahoma,5
633,"#porn,#android,#iphone,#ipad,#sex,#xxx, | #Hairy | Hairy Florence shoves a dildo in her hairy red pussy",5
634,&#8220;@BestOfAds: Rape? Cannibalism? You Won't Recognize The Original Versions Of These Fairy Tales man wtf,5
635,I'll bounce into that school and blow every fuckers head off! ,5
636,"@: Oh my dogs pussy is so tight, time to loosen it &#128527;.""",5
637,@ I'd like to rape the bitch that posted that.,5
638,"Blood on my wrist, and I want to die
I'ma make sure that you never leave, it's you and I",5
639,Join for self-harm and cutting content,5
640,I'm posing as a minor and soliciting sexual conversations with strangers. Fuck Paedos,5
641,ARABIC ASSHOLR GO BACK TO ARABIA YOU FUCKING ARABIC SAUDI!! ,5
642,It's same old case of an pseudo-intellectual & frustrated pakis.It's very easy to suppress pakis as repeated coups tells us.Poverty is not as bad for an individual as the lost of honour.Like we know that Afganistan is a poor country but they are able to expel soviets only due to there courage.,5
643,My cousin just did the hitler pictures and the swastikas and what not. I've been the one talking to you you imbecile. I can't believe that people that are stupid like you exist. It makes we want to start playing russian roulette with myself.,5
644,gay people and minorities sent to concentration camps to get gassed with Xyklon B. P,5
645,Hi IM SO GAY AND RETARTED WE SUCK SO MANY BALLS OOOOOOOOOOO I LOVE MEN!!!!!!!!!!!!!!!!,5
646,"  Orane sucks lots of penis, with genital warts. And he likes getting molested by Michael Jackson.",5
647," JEW 

Get the fuck out of here you jewish son of a bitch, I'll rape your fucking family if you don't leave you semite bastard. I will shoot you if you return, because you're a dirty semite, I hope you choke on a fucking bagel, prick. Shalom.  ",5
648,"
==His Happy Rape Secrets==

He says """"I will Never stop under any cirumstances. I Love it Hahaha""""",5
649,"Violenciafriki is a Homosexual petifile with 135.78 counts of rape all of which were men and children, served a sentence of 23 years before being deported back to Spain",5
650,Oh look a fucking islamist with admin powers fuck you asswipe.,5
651,Fuck you asshole. Allahu Akbar.,5
652,"Racists

I think every hick member of the National Alliance should read Guns, Germs and Steel. Then, white supremacy would cease to exist. Seriously.  ",5
653,Please kill yourself.  ,5
654,"P.S., I am halfway through a sex change.  Maybe when I finally get my dick cut off I'll be a bit more relaxed.  I already have the tits, but the estogen is driving me nuts!",5
655," Don't hide the incriminating photographs you Nazi Americans!!!!!! 

If the photos are graphic its because the horrible deeds committed by the deranges,sadistic perverted soldiers are also equally disturing.I think the Yanks should stop trying to cover up these issues.",5
656,"@ @ you call someone a faggot and then say to kill themselves, you are a pathetic human being. A fucking disgrace..",5
657,"You could have had a Palestinian state in 1948. You could have had one at any time after that.

But it's as you say. """"On the last day, even the rocks and the trees will shout 'O Muslim, there is a Jew hiding behind me, come and kill him!""""

Your goal isn't a Palestinian state. It's the death of my people and establishing a sharia state on top of their cooling bodies.",5
658,"""""As you approach a town to attack it, first offer its people terms for peace.  If they accept your terms and open the gates to you, then all the people inside will serve you in forced labor.  But if they refuse to make peace and prepare to fight, you must attack the town.  When the LORD your God hands it over to you, kill every man in the town.  But you may keep for yourselves all the women, children, livestock, and other plunder.  You may enjoy the spoils of your enemies that the LORD your God has given you.""""  (Deuteronomy 20:10-14)

What kind of lunatic approves of murder, rape, and slavery? Answer: God",5
659,lIL HOMIE DON'T FRONT CUZ IF YOU DO I WILL PUT UR ASS IN A FUCKING GAS CHAMBER BITCH,5
661,"""bomb in the Diplomat hotel 20 minutes ago...after the feast...tell the government that we will destroy everyplace."""" ",5
662,p.s. I'M A FUCKIN ARTIST OK? MY NEXT PIECE WILL BE A RAPE (OF YOUR FAMILY) ... ENJOY!,5
663, SHOULD KILL MYSELF!!!!!!,5
664,Eat shit you fucking arse raping jew fucking arab. I'LL KILL YOU!!!!!!!!!!!!!!!!!!!!!!!!!,5
665,Allow your face. Just seen it on your user section. You are the ugliest thing i have ever seen in my intire life. Why don't you just end it all. Do us all a favour.,5
666," The Gay Guy 

I know you.  Wuzzup?  I like sadomasochism.  Gimme more!   ",5
667," Fuck off and rape your kids, Fenian bogtrotting shit. I hope the ones you love die in a cock accident.
",5
668,"Homie, I'll buy a dimebag off you for $20. Hell, I'll suck your dick like last time if you want me to. By the way, you got any goat porn like last time?

Sincerely,
Bob the Cocksucker/crack fiend",5
669," Go hang yoursef lazy fu... 

 Go hang yoursef lazy fu... ",5
670,you are a gay anti-hindu bastard,5
671,"Thanks for deleting it fuck bag, nothing wrong with the article. Hope you get cancer and die you fucking limey.",5
672,p.s. i pissed on your mothers grave you jews,5
673,SHOOT YOURSELF YOU FREAK! SHOOT YOURSELF YOU FREAK! SHOOT YOURSELF YOU FREAK! SHOOT YOURSELF YOU FREAK!,5
674," Burn In Hell Paulley 
Every time I try to edit something, you delete it. You are not the only one who knows about wrestling, so fuck off you prick.  I hate you and would wish you nothing but death.",5
675,How dare you do that?! How would you like it if I uploaded a picture of Mohammed having sex with his child-bride?  ,5
677,"Fuck Andrew Quah, father of the bonsai and chink spy extraordinaire",5
678,"I'm in a school you bitch fuck. I have like 20 computers. If you want a war you spic, you've got it.",5
679,you are THE biggest faggot ever! i know you like that cock in ypur ass and all but do you even feel it anymore or is it like throwing a hotdog down a hallway? oh yeah by the way your aunt just called she says she wants you out of her basement and she wants you to get a real job you little bitch and one more thing i heard you weigh 422 pounds ive got a tip...get active and eat subway you little bitch!,5
680, I am sorry i don't live near the spick border and would favor five pens to write to my mother and feel her up in my basement. ,5
681,"your a little bitch go suck your daddys cock you desperate little peice of shit, get a life, seriously, i bet you are 35 and have never had a kiss and you masterbate all day to kittens and your neighbors kids.",5
682,"I will block you Motherfucker, Shit, bitch, punch, kill, swear, do nudity, so shut up, frickin around give you drugs, call you names like shit, fuck, bum, poo, damn! so fucker, you will be blocked and dead you shit and fuck, and I will do the rude finger sign. You fucker get bad new messages bum, oh shit.",5
683,I LOVE TO GET TOUCHED BY SMALL KIDS!,5
684,UNBLOCK ME NOW! I'M TAKING A PLANE TO ENGLAND AND BLOWING UP THE COUNTRY!,5
685," scum who look up to Che deserve the worst kind of death.==

you faggot little bitches suck balls.",5
686,would you do the world a favor and die? plzkthx,5
687,"FUCK YOU 

How about a range block - does your mom still eat cum? ",5
688,"Paedophilia within Islam sanctioned by Muhammad

Since Muhammad married a 6-year-old girl and had sex with her when she was 9, I was just wondering if peadophilia was still legal in Islam following Muhammad's example? ",5
689,"Especially you
Fuck you for fucking up my post. You can rot in hell you piece of shit.  ",5
690," Listen you sick fuck 

You perverted freakshow loser, nobody wants anything to do with you.  Go fuck yourself and leave us the fuck alone and spare the world your scum.     ",5
691,pathetic shitty arse mr-z u fucking cunt   ,5
692,"Hey Man
You are a retarded Mexican cocksucking piece of fucking shit. Please go fucking kill yourself. ",5
693,Get a life you animal fucker. ,5
694,"It is noteworthy that instead of watching his daughter and protecting her, Mark Lunsford was allegedly busy on the internet viewing child pornography. Ironically, many of the """"Jessica's laws"""" that Lunsford fought so hard to get on the books dealt heavy blows to viewers of child porn, like Mark Lunsford, yet, Lunsford was never prosecuted under the existing federal laws for viewing child porn which would have landed Lunsford in federal prison and required him to register as a sex offender. ",5
695," You're a stupid cunt 

Fuck you dumb arse, your mum has a hairy cunt and I hope and pray that you die, no, fuck that, I wish you would die, if I had three wishes, one of them would be to have you dead, and the others would be so that everyone you knew hated your cunt like face.  ",5
696,"WHO ARE YOU FUCKING CUNT HEADS TO TELL ME THAT I AM NOT WELCOME HERE? GO FUCKING DIE, TWICE. YOU CUNTS ALL DESERVE GASSING",5
697,"Go fuck Loy Wong, you dirty, old, white, asian basher.   ",5
698,Will you stop sending death threats to me please. If these persist I will notify the authorities on you and they will lock you up for a long time.,5
699,"JEWS HAVE HIJACKED THIS SITE.

JEWS ARE PREVENTING OBAMA FROM BEING PRESIDENT

JEWS DID 9/11

JEWS ALL HAVE HUGE NOSES",5
700,"Ketamine 5000mg bottle $180.00
Ketamine500mg Inj 10ml Rotex Germany$25.00
Ketamine250mg Inj 5ml Indus $15.00
Ketamine 50mg Inj 2ml Indus $5.00",5
701,HOPE SOMEONE BLOWS YOUR HEAD OFF...,5
702,"Oh, fuck off. The pansy Jew would just whine about it to the B'nai Brith and beat a Palestinian child over it.",5
703," mothafucka! 

You son of a bitch, shut up!

otherwise I will kill you!",5
704,Hitler was a fucking kike.,5
705,YOURE GONNA BE A DEAD FAGGOT,5
706,Hey Dx927 you're a fat ugly cunt with the mental capacity of a 3-year-old amoeba. Why don't you get a life and stop trolling you little fag?,5
707," Where do you live, you little shit? 

Give us your address and we'll come and kill you, you fuck",5
708," Trollop 

Stop fucking your computer you meth adicted nazi twat",5
709,"Please put it in my ass, I enjoy black dick up there.",5
710,Fuck you bitch! I will go to your house and kill you with my gun! ,5
711,i don't give a shit you deserve to die as well just like alexie and luc and i will kill you!,5
712,"You are a sad cunt. Get a life, you nerd.",5
713,You've got child porn. CHILD PORN!,5
714,Go stuff yourself . islam is evil   ,5
715," My Thoughts 

You're a fucking piece of shit! Die and Burn in hell!",5
716," What?? 

Go lick a pig you arab muslim peice of scum. ",5
717,FUCK YOU CHILD MOLESTER,5
718, DIE IN A CAR CRASH YOU FUCKIN ASSHOLE ,5
719," Me and my stabbing knife 

Are gonna go stabbing...

stabbing...

stabbing...

...you!!!",5
720,"I'm gonna beat you to a bloody pulp then shoot you, execution-style.",5
721,Please stop raping little boys in the anus. Don't you know that's illegal?,5
722,"IM GOING TO KILL YOU
YOU ARE WORTHLESS IM AM GOING TO KILL YOU AND BURN YOUR HOUSE DOWN BUT NOT BEFOR I HACK YOU LILLTE ACCOUNT AND TAKE YOUR LIVELIHOOD AWAY",5
723,"Hi, I am a 21 year old shemale from bangladesh in Toronto looking for hot guy.girl anal action. Please email me at @hotmail.com
I charge $21 dollars an hour.",5
724," your a fag 

fuck you nigger",5
725," Oh, also sometimes i kill children",5
726,HELP I FEEL LIKE IM GOING TO KILL MYSLF,5
727,Watch what you say or get your throat cut @dadaa22,5
728,"@Bongwarrior's mother had a troubled history.  She began working as a child prostitute at the age of 13.  She had several pimps during her adolescence.  During this time, she was repeatedly gang raped by people from Africa.  But she enjoyed it because she enjoyed having two or three big black dicks in her vagina and anus at the same time.",5
729," @BONGWARRIOR IS A GIGANTIC ASSHOLE.  

I WILL DIG UP YOUR GRANDMOTHER AND SHIT ON HER DENTURES",5
730, Little boys turn me on,5
731," I will flay you alive, you fking stalker.  

I shall enjoy your screams of agony as your blood slowly pools across the floor of my basement.",5
732," Sieg Heil! 

Heil Hitler you gay noob!! I'm gonna cut off your brain!   .",5
733,,
734,,
735,,
